name,original_text,translated_text
BB_FIXER_ACT3_MEET,"Ah, miss! Course you&#8217;d be one to survive through all this! Capable as you seem and all. &lt;page&gt;It&#8217;s a sad thing, but I can&#8217;t say most folk down here&#8217;ve fared so fortunate. And our once fine camp below ain&#8217;t no longer safe for any bug, all crushed and consumed by this black calamity.&lt;hpage&gt;Nowhere is safe, sir, but I am glad you few remain. Know I shall work to fix this, as best I&#8217;m able.&lt;page&gt;Calming our raging world? That&#8217;s a lofty goal, miss. I&#8217;m not thinkin&#8217; any one bug&#8217;d be able to stop these happenings, but it&#8217;s heartenin&#8217; knowing you&#8217;ve still got fire enough to feel different.&lt;page&gt;Rest here with us, long as you like. A little company&#8217;s about the best thing we few&#8217;re wishin&#8217; for now.","Ah, Nona! Tentu saja Anda yang bisa bertahan melalui semua ini! Sepertinya Anda memang mampu. &lt;page&gt;Ini hal yang menyedihkan, tapi saya tidak bisa mengatakan bahwa kebanyakan orang di sini seberuntung Anda. Dan kamp kita yang dulu indah di bawah sana kini tak lagi aman bagi serangga mana pun, semuanya hancur dan dimakan oleh bencana hitam ini.&lt;hpage&gt;Tak ada tempat yang aman, Tuan, tapi aku senang kalian masih ada. Ketahuilah, aku akan berusaha memperbaiki ini sebaik mungkin.&lt;page&gt;Menenangkan dunia yang gila ini? Itu tujuan yang mulia, Nona. Saya tidak berpikir ada serangga yang mampu menghentikan kejadian ini, tapi menyadari Anda masih memiliki semangat untuk merasa berbeda itu menghibur.&lt;page&gt; Beristirahatlah di sini bersama kami, selama yang Anda inginkan. Sedikit teman adalah hal terbaik yang kami harapkan saat ini."
BB_FIXER_DELIVERY,"&lt;hpage&gt;Sir, I bring supplies from the town of bells up above, to aid your camp and its residents.&lt;page&gt;Ah! Mighty thankful these folks&#8217;ll be. Most arrive here with nothin&#8217; but their shell. Your delivery there&#8217;ll make things a little easier on &#8216;em.","&lt;hpage&gt;Tuan, saya membawa persediaan dari kota Bells di atas sana, untuk membantu perkemahan Anda dan penduduknya.&lt;page&gt;Ah! Penduduk di sini pasti akan sangat bersyukur. Kebanyakan dari mereka tiba di sini hanya dengan apa yang mereka miliki. Pengiriman Anda akan sedikit meringankan beban mereka."
MOSSCREEP_MEET_ALT,"Mm. Mmm! Who is it? An intruder! Terrible! To interrupt a humble druid as they work!&lt;hpage&gt;I meant no intrusion, druid. The sound of your laughter drew me to investigate.&lt;page&gt;What? Laughter? No idea what you mean. Nonsense!","Mm. Mmm! Siapa itu? Seorang penyusup! Mengenaskan! Mengganggu seorang druid yang sedang bekerja!&lt;hpage&gt;Aku tidak bermaksud mengganggu, druid. Suara tawamu membuatku penasaran untuk menyelidiki.&lt;page&gt;Apa? Tawa? Aku tidak tahu apa yang kamu maksud. Omong kosong!"
BB_CARETAKER_BASEMENT_REPEAT,"May your travels bring you fortune, hunter. And may the Citadel come to fear your freedom in our land.","Semoga perjalananmu membawa keberuntungan, pemburu. Dan semoga Citadel takut akan kebebasanmu di tanah kami."
BELLWAY_PILGRIM_MEET_2,"Hrm? Oh, it&#8217;s you again. Please, no more talk of bells or travel. I&#8217;m trying to stay hidden.&lt;hpage&gt;I mean no intrusion, ma&#8217;am. Are you composing yourself here before you leave on your own journey?&lt;page&gt;Like all the others, my brothers and sisters who trudged off to die? No, I think I&#8217;ll linger here a little longer with my thoughts...","Hrm? Oh, kamu lagi. Tolong, jangan bicara lagi tentang lonceng atau perjalanan. Aku sedang berusaha bersembunyi.&lt;hpage&gt;Aku tidak bermaksud mengganggu, Bu. Apakah kamu sedang menenangkan diri di sini sebelum berangkat dalam perjalananmu sendiri?&lt;page&gt;Seperti semua yang lain, saudara-saudaraku yang pergi untuk mati? Tidak, aku pikir aku akan tinggal di sini sedikit lebih lama dengan pikiran-pikiranku..."
BB_RESIDENT_GOT_SILKSPEAR,"Must be terrifying out there, beyond the settlement. Nothing but monsters and madness lurking in the darkness.&lt;page&gt;I&#8217;ve heard tales of a safe place, though. Just up above here, where the moss paints the stones green, there&#8217;s an old village. Bit of a holy place, apparently, well protected.&lt;hpage&gt;I&#8217;ve visited the settlement you speak of. It was built around a burial spire, corpse-home to an ancient Weaver.&lt;hpage&gt;It is hardly safe though. The terrain is treacherous, and predators prowl its commons. I advise you avoid that place.&lt;page&gt;Oh... I see. Of course. Nowhere is really free of danger, is it? That&#8217;s just the way for us pilgrims...","Pasti menakutkan di luar sana, di luar pemukiman. Hanya ada monster dan kegilaan yang mengintai dalam kegelapan.&lt;page&gt;Aku pernah mendengar cerita tentang tempat yang aman, though. Di atas sini, di mana lumut mewarnai batu-batu hijau, ada sebuah desa tua. Konon tempat suci, cukup terlindungi.&lt;hpage&gt;Saya pernah mengunjungi pemukiman yang Anda bicarakan. Dibangun di sekitar menara pemakaman, tempat tinggal mayat seorang Weaver kuno.&lt;hpage&gt;Tapi tempat itu sama sekali tidak aman. Medan di sana berbahaya, dan predator berkeliaran di wilayahnya. Saya sarankan Anda menghindari tempat itu.&lt;page&gt;Oh... Saya mengerti. Tentu saja. Tidak ada tempat yang benar-benar bebas dari bahaya, bukan? Itulah nasib kita para peziarah..."
FUNERAL_2,"For though, as pilgrims, we aim our sights high and never waver from our path, the loss of a brother or sister still stops our trembling limbs in place.","Meskipun sebagai peziarah, kita menargetkan tujuan yang tinggi dan tidak pernah menyimpang dari jalan kita, kehilangan seorang saudara atau saudari tetap membuat tubuh kita yang gemetar terhenti di tempat."
BB_CARETAKER_REPEAT,"Few are as foreign as you, hunter dear. Visit me when you care.&lt;page&gt;I&#8217;ll look forward to hearing how your steps might shake our world. Oho. Yes!","Sedikit yang seasing dirimu, pemburu terkasih. Kunjungilah aku saat kau peduli.&lt;page&gt;Aku akan menantikan kabar bagaimana langkahmu mungkin menggoncang dunia kita. Oho. Ya!"
MOSSCREEP_COMPLETED_ACT3,"Ohh, the world trembles! But we can hear it... beating steady... beating free...","Ohh, dunia bergetar! Tapi kita bisa mendengarnya... berdetak dengan stabil... berdetak dengan bebas..."
MOSSCREEP_REFUSE,"Granter refuses! I understand. Granter is petty, evil. Misguided! When your mind clears, return here. Return here and grant my wish!","Granter menolak! Aku mengerti. Granter itu kerdil, jahat. Tersesat! Ketika pikiranmu jernih, kembalilah ke sini. Kembalilah ke sini dan kabulkanlah keinginanku!"
BELLWAY_PILGRIM_MEET_1,"Oh... you&#8217;ve come to hide down here too, then? &#8216;Tis a fearful world out there. If you can keep quiet, I don&#8217;t mind you joining me.&lt;hpage&gt;You&#8217;ve chosen a curious place to rest, ma&#8217;am. This pit of bells and the structure around it... they suggest a station for travel, though one long abandoned.&lt;page&gt;Aye. Rumours in the camp say these bells run throughout the lands, great veins of them, forged by our ancient kin.&lt;page&gt;And some even say bugs used to travel through them, in gilded carriages no less!&lt;page&gt;Surely such fanciful travel would be a sin for us pilgrims. We must walk and climb and crawl using only our own meagre claws... Only thus can we prove our devotion.","Oh... kamu juga datang untuk bersembunyi di sini, ya? ‘Dunia di luar sana memang menakutkan. Jika kamu bisa diam, aku tidak keberatan kamu bergabung denganku.’&lt;hpage&gt;Kamu telah memilih tempat yang aneh untuk beristirahat, Nyonya. Lubang lonceng ini dan struktur di sekitarnya... mereka menyiratkan stasiun perjalanan, meski sudah lama ditinggalkan.&lt;page&gt;Benar. Kabar di kamp mengatakan lonceng-lonceng ini tersebar di seluruh tanah, urat-urat besar yang dibuat oleh nenek moyang kita.&lt;page&gt; Dan beberapa bahkan mengatakan serangga dulu bepergian melalui mereka, dalam kereta emas!&lt;page&gt;Tentu saja perjalanan yang begitu fantastis akan menjadi dosa bagi kita para peziarah. Kita harus berjalan, mendaki, dan merangkak hanya dengan cakar kita yang lemah... Hanya dengan begitu kita dapat membuktikan kesetiaan kita."
BB_FIXER_Q1_UNACCEPTED,"Did you take a look at the wishwall? You might&#8217;ve noticed I added a cheeky little wish of my own.&lt;page&gt;Fair&#8217;s fair, I did build the thing. Seems like the kingdom should be granting my wish before anyone else&#8217;s.","Apakah kamu sudah melihat dinding keinginan? Mungkin kamu sudah memperhatikan bahwa aku menambahkan keinginan kecil yang nakal milikku sendiri.&lt;page&gt;Adil saja, aku memang yang membangunnya. Sepertinya kerajaan seharusnya mengabulkan keinginanku sebelum keinginan orang lain."
MOSSCREEP_DONT_GIVE,You keep the berries to yourself? All for you? Mmm. Promise breaker! Promise breaker!,Kamu menyimpan buah beri untuk dirimu sendiri? Semua untukmu? Mmm. Pelanggar janji! Pelanggar janji!
BB_RESIDENT_NAME,"Never shared my name with you, did I? Awfully remiss of me.&lt;page&gt;It&#8217;s Pilby. Been nice spending time with you, miss.&lt;hpage&gt;Likewise, sir. It&#8217;s been some time since I had such ample opportunity for friendly conversation.&lt;hpage&gt;My name is Hornet. It is good to be properly acquainted at last.&lt;page&gt;Hornet, eh? Strong name, that. It certainly suits you, miss. Heh heh...","Saya belum pernah memberitahu nama saya kepada Anda, bukan? Sangat lalai dari saya.&lt;page&gt;Namaku Pilby. Senang bisa menghabiskan waktu bersama Anda, Nona.&lt;hpage&gt;Sama-sama, Tuan. Sudah lama saya tidak memiliki kesempatan yang cukup untuk berbincang-bincang dengan ramah.&lt;hpage&gt;Nama saya Hornet. Senang akhirnya bisa berkenalan dengan baik.&lt;page&gt;Hornet, ya? Nama yang kuat. Itu pasti cocok untuk Anda, Nona. Heh heh..."
MOSSCREEP_TRADE_INTRO,"The Mossberries. Do you still hunt them, little you? My wish was granted, but clear now that more are needed! More!&lt;page&gt;Bring more Mossberries here. Mmm. Yes, we will trade. Precious rosaries for fresh berries!","Mossberries. Apakah kamu masih memburunya, si kecil? Keinginanku terkabul, tapi sekarang jelas bahwa lebih banyak lagi yang dibutuhkan! Lebih banyak!&lt;page&gt;Bawa lebih banyak Mossberries ke sini. Mmm. Ya, kita akan bertukar. Rosario berharga untuk beri segar!"
MOSSCREEP_CANCOMPLETE,"&lt;hpage&gt;As promised, druid, I have your berries. What is your need for such common fruits?&lt;page&gt;Common!? No. No... Special. Cherished. Only a druid knows it! The berries bright! For my wish. My wish so dear! ","&lt;hpage&gt;Seperti yang dijanjikan, druid, aku membawa buah-buahanmu. Untuk apa kau membutuhkan buah-buahan biasa seperti ini?&lt;page&gt;Biasa!? Tidak. Tidak... Spesial. Berharga. Hanya seorang druid yang mengetahuinya! Buah-buahan yang bersinar! Untuk keinginanku. Keinginanku yang begitu berharga! "
BB_SHOPKEEP_NOSTOCK_RETURN,"I&#8217;ll soon be making my way up to the great Citadel. As holy as I am with rosaries, I&#8217;m sure my path will not be an arduous one...","Segera aku akan menuju ke Citadel yang agung. Sebagaimana suci aku dengan rosario, aku yakin perjalanan ku tidak akan sulit."
BB_FIXER_ACT3_DELIVERY_POST,"Oh! And you can&#8217;t be leavin&#8217; without some reward for your work. Take these beads for labour.&lt;page&gt;Rosaries ain&#8217;t provin&#8217; much use to us lot anymore, but hopefully you in all your journeyin&#8217; can still put &#8216;em to use.","Oh! Dan kamu tidak bisa pergi begitu saja tanpa mendapatkan imbalan atas kerja kerasmu. Ambil manik-manik ini sebagai imbalan atas usahamu.&lt;page&gt;Rosario tidak lagi banyak berguna bagi kami, tapi semoga kamu dalam perjalananmu masih bisa memanfaatkannya."
MOSSCREEP_OFFER,"You&#8217;re here, in here, so why did you send you? Hm? Did you hear my wish? Granter of wishes? You?&lt;hpage&gt;Granter of wishes?&lt;page&gt;Wishes, yes! My wish! I need fruits of the world, three little darlings. I need them, so I wish! Does the kingdom not send you, little you, to grant my desire?","Kamu di sini, di dalam sini, jadi kenapa kamu dikirim ke sini? Hm? Apakah kamu mendengar permohonanku? Pemberi permohonan? Kamu?&lt;hpage&gt;Pemberi permohonan?&lt;page&gt;Permohonan, ya! Permohonanku! Aku butuh buah-buahan dunia, tiga buah kecil yang manis. Aku butuh mereka, jadi aku memohon! Apakah kerajaan tidak mengirimmu, kamu yang kecil, untuk mengabulkan keinginanku? "
BB_RESIDENT_BELLHART,"Your travels have taken you far, haven&#8217;t they? While I&#8217;m yet to even start my journey. Shameful behaviour for a pilgrim really, to tarry here so long.&lt;hpage&gt;I see no shame in it, sir. Your life is your own, and need not be squandered at the ghostly call of the Citadel. Journey out for your own sake, or not at all.&lt;page&gt;Heh... you truly aren&#8217;t a pilgrim, that&#8217;s for certain. That&#8217;s blasphemy, spoken with friendly intentions or not.&lt;page&gt;And yet... I don&#8217;t recoil from what you say. Perhaps I&#8217;m not much of a pilgrim either.","Perjalananmu telah membawamu jauh, bukan begitu? Sementara aku belum mulai perjalanan ku sama sekali. Perilaku yang memalukan bagi seorang peziarah, untuk berlama-lama di sini begitu lama.&lt;hpage&gt;Aku tidak melihat ada yang memalukan dalam hal itu, tuan. Hidupmu adalah milikmu sendiri, dan tidak perlu dibuang sia-sia oleh panggilan hantu dari Citadel. Berangkatlah untuk kebaikanmu sendiri, atau jangan sama sekali.&lt;page&gt;Heh... kau benar-benar bukan seorang peziarah, itu pasti. Itu adalah penistaan, terlepas dari niat baik atau tidak.&lt;page&gt;Dan yet... Aku tidak mundur dari apa yang kau katakan. Mungkin aku juga bukan peziarah yang sejati."
BB_SHOPKEEP_ITEM_ROSARY_MAGNET_DESC,"This stone&#8217;s a beauty, isn&#8217;t it? They say it&#8217;ll help you gather up rosaries on the road ahead. You&#8217;ll come back and share some with me, won&#8217;t you?","Batu ini indah sekali, bukan? Katanya batu ini akan membantu kamu mengumpulkan rosario di perjalanan ke depan. Kamu akan kembali dan berbagi beberapa dengan aku, kan?"
FUNERAL_NAME_2,"Ah, thank you for sharing, sister. For the honourable and steadfast Pilby, we will sing.","Ah, terima kasih sudah berbagi, saudari. Untuk Pilby yang mulia dan teguh, kita akan bernyanyi."
MOSSCREEP_COMPLETED,"Mmm. You can hear it, yes? Listen close. Weak, but precious. A pulse, a beat! Faint... Our very own...","Hmm. Kamu bisa mendengarnya, kan? Dengarkan baik-baik. Lemah, tapi berharga. Detak jantung, irama! Lemah... Milik kita sendiri..."
BB_SHOPKEEP_ITEM_ROSARY_SET_DESC,"Loose rosaries filling your pockets? I can string &#8216;em up safe, so you won&#8217;t go losing them. Might seem a simple art, but it takes some talent to keep &#8216;em properly secure. ","Rosario yang berserakan di saku Anda? Saya bisa mengikatnya dengan aman, jadi Anda tidak akan kehilangan mereka. Mungkin terlihat seperti seni yang sederhana, tapi butuh keahlian untuk mengikatnya dengan benar agar tetap aman. "
BB_RESIDENT_MEET_ALT,"Hm? I recognise you. You&#8217;ve returned to the camp, then? Are you a pilgrim, or just a wanderer?&lt;hpage&gt;I am no pilgrim, sir, though I have travelled their paths.&lt;page&gt;Not a pilgrim? Well, it makes no difference, I suppose. We all must walk the roads, up and up, though most of us will fall long before we see the grand gates.&lt;page&gt;If you&#8217;re wise, you&#8217;ll stop here and rest a while before heading back out into that dangerous world...","Hm? Aku mengenalmu. Kau kembali ke perkemahan, ya? Apakah kau seorang peziarah, atau hanya seorang pengembara?&lt;hpage&gt;Aku bukan peziarah, tuan, meskipun aku telah menempuh jalan-jalan mereka.&lt;page&gt;Bukan peziarah? Yah, tak ada bedanya, kurasa. Kita semua harus berjalan di jalan-jalan ini, naik dan naik, meski kebanyakan dari kita akan jatuh jauh sebelum melihat gerbang besar.&lt;page&gt;Jika kamu bijak, kamu akan berhenti di sini dan beristirahat sebentar sebelum kembali ke dunia berbahaya itu..."
MOSSCREEP_TRADE_ACCEPT_2,"Mmm, the precious fruit! Yes, fragrant and round. So round! For you, you who finds berries, a nice reward of rosaries!","Hmm, buah yang berharga! Ya, harum dan bulat. Begitu bulat! Untukmu, engkau yang menemukan beri, hadiah yang indah berupa rosario!"
BB_SHOPKEEP_MEET,"O-oh! Traveller! Destined for the Citadel, yes? Well, before you embark, won&#8217;t you stop and make trade with an old pilgrim?&lt;hpage&gt;I&#8217;d see your wares, madam, though I fear I may have nothing worthy to offer in return.&lt;page&gt;Oh, worry not! If you lack fine goods to trade, we can barter still. In this devout land, we deal in the currency of faith!&lt;page&gt;Rosaries! Those finely carved beads of prayer! If you will only share some with me, I will trade you something fair.","O-oh! Pelancong! Tujuanmu ke Citadel, ya? Nah, sebelum berangkat, maukah kau berhenti sebentar dan berdagang dengan seorang peziarah tua?&lt;hpage&gt;Aku ingin melihat barang daganganmu, Nyonya, meski aku takut tak punya apa-apa yang layak untuk ditukar.&lt;page&gt;Oh, jangan khawatir! Jika Anda tidak memiliki barang bagus untuk ditukar, kita masih bisa bertukar barang. Di tanah suci ini, kita bertransaksi dengan mata uang iman!&lt;page&gt;Rosario! Butir-butir doa yang diukir dengan indah! Jika Anda bersedia berbagi beberapa dengan saya, saya akan menukar Anda dengan sesuatu yang adil."
BB_SHOPKEEP_ITEM_TOKEN_FAITH_DESC,"Seems like just a key, but who knows what it&#8217;ll unlock? I reckon it&#8217;s come from the Citadel so it must open the way to something holy!","Sepertinya hanya sebuah kunci, tapi siapa tahu apa yang akan dibukanya? Aku kira kunci ini berasal dari Citadel, jadi pasti akan membuka jalan menuju sesuatu yang suci!"
BB_SHOPKEEP_ITEM_TOOLMETAL_DESC,"A rare find, this. Shinier than faith and harder than a Craggler&#8217;s hide. A skilled craftsbug could fashion something nice out of it, if they&#8217;ve got the knowledge.","Ini adalah temuan langka. Lebih berkilau daripada iman dan lebih keras daripada kulit Craggler. Seorang tukang yang terampil dapat membuat sesuatu yang indah darinya, jika mereka memiliki pengetahuan yang cukup."
BB_FIXER_DELIVERY_POST,"For comin&#8217; all this way, take a few beads. You&#8217;ve well earned &#8216;em.","Untuk sudah repot-repot datang sejauh ini, ambil beberapa manik-manik. Kamu pantas mendapatkannya."
MOSSCREEP_INGREDIENT,"&lt;hpage&gt;Druid, I require a pitcher of your Mossberry Stew to satiate a gourmand of the Citadel. Will you pass some to me?&lt;page&gt;Mmmm! A bug who&#8217;ll consume my berry brew? Strong they&#8217;d be to bear a taste so sharp!&lt;page&gt;Here is a flavour so ripe! Searing! Flavour of pleasure and pain! They too may see the visions if they taste it strong. The visions, could they see?&lt;page&gt;Grant the stew! For your bug, mmmm... to share the visions. Yes! We shall pass it!","&lt;hpage&gt;Druid, aku membutuhkan semangkuk sup Mossberry-mu untuk memuaskan seorang pecinta kuliner dari Citadel. Maukah kau memberiku sedikit?&lt;page&gt;Mmmm! Seekor serangga yang akan meminum ramuan berry-ku? Mereka pasti kuat untuk menahan rasa yang begitu tajam!&lt;page&gt;Ini adalah rasa yang begitu matang! Membakar! Rasa kenikmatan dan penderitaan! Mereka pun mungkin melihat visi jika mencicipinya dengan kuat. Visi, apakah mereka bisa melihatnya?&lt;page&gt;Berikan supnya! Untuk seranggamu, mmmm... untuk berbagi visi. Ya! Kita akan memberikannya!"
MOSSCREEP_TRADE_FINAL_2,"Ahhh! Ahhh-ohhhh! The smell again! Stronger, stronger now! But still young yet! Listen to your sisters, little one, and grow! Oh, grow!","Ahhh! Ahhh-ohhhh! Bau itu lagi! Semakin kuat, semakin kuat sekarang! Tapi masih muda! Dengarkan kakak-kakakmu, sayang, dan tumbuhlah! Oh, tumbuhlah!"
MOSSCREEP_TRADE_FINAL_3,"Oh... mmm. Do they hurt you also, the visions? The stink? Nasty, horrible fruits. The pain!&lt;page&gt;Enough berries. We need no more. For you though, my one and only friend. My beloved. A reward!&lt;page&gt;Your amulet. Let me... transfuse. Yes. Your amulet&#8217;s tears will flow stronger still!","Oh... mmm. Apakah visi-visi itu juga menyakitimu? Bau busuknya? Buah-buahan menjijikkan dan mengerikan. Sakitnya!&lt;page&gt;Cukup beri. Kita tidak butuh lagi. Tapi untukmu, sahabatku yang satu-satunya. Kekasihku. Sebuah hadiah!&lt;page&gt;Amuletmu. Biarkan aku... mentransfusikan. Ya. Air mata amuletmu akan mengalir lebih kuat lagi!"
MOSSCREEP_TRADE_FINAL_1,"Mmm, the precious fruit! So precious! And perhaps now, we have enough. Enough, enough! For our work often begins, but never ends!","Hmm, buah yang berharga! Begitu berharga! Dan mungkin sekarang, kita sudah cukup. Cukup, cukup! Karena pekerjaan kita sering dimulai, tapi tak pernah berakhir!"
BB_RESIDENT_PILGRIMSREST,"Ah, hello again! What a blessing to see a familiar face on this treacherous climb.&lt;hpage&gt;Greetings, sir. I see you have begun your pilgrimage, or else set out for your own sake. Either way, I am glad to see you here unharmed.&lt;page&gt;Not quite unharmed... I&#8217;ve suffered my share of scrapes and burns. That&#8217;s just the nature of the journey, I suppose.&lt;page&gt;But I&#8217;ve seen so much! Great metal structures and vast scorched fields! The grandeur of it all is humbling indeed, even for one like me who was so humble to begin with.&lt;page&gt;I&#8217;ll rest here just a little longer before resuming my climb.","Ah, halo lagi! Betapa beruntungnya melihat wajah yang familiar di pendakian yang berbahaya ini.&lt;hpage&gt;Salam, Tuan. Saya lihat Anda telah memulai ziarah Anda, atau mungkin berangkat untuk kepentingan Anda sendiri. Bagaimanapun, saya senang melihat Anda di sini dalam keadaan selamat.&lt;page&gt;Tidak sepenuhnya selamat... Saya telah mengalami luka-luka dan luka bakar. Itulah sifat perjalanan ini, kurasa.&lt;page&gt;Tapi aku telah melihat begitu banyak hal! Struktur logam raksasa dan ladang terbakar yang luas! Keagungan semuanya sungguh mengagumkan, bahkan bagi seseorang sepertiku yang sudah rendah hati sejak awal.&lt;page&gt;Aku akan beristirahat di sini sebentar lagi sebelum melanjutkan pendakianku. "
MOSSCREEP_QUESTCOMPLETE,"Mmm! Mmm! This is them, the precious, promised fruits!&lt;page&gt;Drop them in, there they go, and now at last we can begin!","Mmm! Mmm! Inilah mereka, buah-buahan yang berharga dan dijanjikan!&lt;page&gt;Masukkan mereka, mereka pergi, dan sekarang akhirnya kita bisa mulai!"
BB_SHOPKEEP_ITEM_MASK_SHARD_DESC,"Just a piece of something greater, but finely crafted. You should take it with you, traveller, for luck.","Hanya sebagian kecil dari sesuatu yang lebih besar, namun dibuat dengan teliti. Bawalah bersama Anda, pelancong, untuk keberuntungan."
FUNERAL_FINAL_NONAME,"Farewell, little pilgrim. May your shell harden the path for others to tread.","Selamat jalan, pelancong kecil. Semoga cangkangmu menguatkan jalan bagi orang lain untuk dilalui."
BB_FIXER_BENCHREPAIR_REPEAT_ALT,"Times like this, all we can do is put our heads down and try to rebuild.","Di masa-masa seperti ini, yang bisa kita lakukan hanyalah fokus dan berusaha untuk membangun kembali."
MOSSCREEP_MEET_ACT3,"&lt;page&gt;Mmmm! Is it time? Our lands shake their sorrow! For the new beat, yes? Demanding! For a new rhythm...&lt;hpage&gt;These quakes you feel, they are not your land&#8217;s sadness, they are its collapse, one bound to happen if their source cannot be quelled.&lt;page&gt;What? No, no no... the beat... It is the beat our land wishes! Calls for it! Needs one new!","&lt;page&gt;Mmmm! Sudah waktunya? Tanah kita bergetar dalam kesedihan! Untuk irama baru, ya? Menuntut! Untuk irama baru...&lt;hpage&gt;Gempa yang kamu rasakan, itu bukan kesedihan tanahmu, melainkan kehancurannya, sesuatu yang pasti terjadi jika sumbernya tidak bisa diredam.&lt;page&gt;Apa? Tidak, tidak, tidak... irama... Itu adalah irama yang diinginkan tanah kita! Memintanya! Membutuhkannya yang baru!"
BB_CARETAKER_CURSED_REPEAT,"Head quick for that vein of bells, and find my uncle hidden there. If anyone&#8217;s able to point you to a cure for that thing twisting within your shell, it&#8217;ll be him. ","Segera cari urat nadi lonceng itu, dan temukan paman saya yang bersembunyi di sana. Jika ada yang bisa menunjukkan obat untuk hal yang membelit di dalam cangkangmu, dia lah orangnya. "
MOSSCREEP_INPROGRESS,"Mmm! Mmm. Who are you, little you? Not a wish granter. For you haven&#8217;t enough fruits. Three we need, three I need! Find them, find them!","Mmm! Mmm. Siapa kamu, si kecil? Bukan pemberi keinginan. Karena kamu tidak punya cukup buah. Tiga yang kita butuhkan, tiga yang aku butuhkan! Temukan mereka, temukan mereka!"
BB_FIXER_BENCHREPAIR,"Ah! Here she is, safe after all! I was worried your battle with that enormous beast had left you badly wounded.&lt;page&gt;Shames me to have left you in danger there, missy, but I&#8217;m no warrior, and my tools ain&#8217;t no match for a creature like that.&lt;hpage&gt;It is well that you kept yourself safe. This settlement needs a fixer now, not a warrior.&lt;page&gt;Heh, maybe that&#8217;s true. Times like these all we can do is put our heads down and try to rebuild.","Ah! Inilah dia, selamat akhirnya! Aku khawatir pertempuranmu dengan binatang raksasa itu telah membuatmu terluka parah.&lt;page&gt;Aku malu telah meninggalkanmu dalam bahaya di sana, nona, tapi aku bukan prajurit, dan alat-alatku tak cukup untuk melawan makhluk seperti itu.&lt;hpage&gt;Untunglah kau berhasil menyelamatkan dirimu. Perkampungan ini butuh seorang penengah sekarang, bukan prajurit.&lt;page&gt;Heh, mungkin itu benar. Di masa-masa seperti ini, yang bisa kita lakukan hanyalah menundukkan kepala dan berusaha membangun kembali."
BB_FIXER_ACT3_REPEAT,"Rest here with us, long as you like. Mightn&#8217;t be much time left, but at least we few won&#8217;t have to face that fate alone.","Beristirahatlah di sini bersama kami, selama yang Anda inginkan. Mungkin tidak banyak waktu yang tersisa, tetapi setidaknya kami yang sedikit ini tidak perlu menghadapi nasib itu sendirian."
BB_FIXER_STATUE,"Ah! Glad I caught you for a moment, miss. You&#8217;ve done a fair service to this camp, given much more&#8217;n most.&lt;page&gt;I&#8217;d been thinkin&#8217; on all your efforts, and set to making a little something to repay &#8216;em.&lt;page&gt;S&#8217;only a token, really! But I&#8217;ve put all me talent into it, much as I&#8217;ve got! Something to keep you company on the lonely roads above.&lt;page&gt;Hold onto it on your travels, and remember that you&#8217;re always welcome down here with us.","Ah! Senang bisa menangkapmu sebentar, Nona. Anda telah memberikan kontribusi yang besar bagi kamp ini, lebih dari yang kebanyakan orang lakukan.&lt;page&gt;Saya telah memikirkan semua usaha Anda, dan mulai membuat sesuatu sebagai balasan atas semuanya.&lt;page&gt;Hanya sekadar tanda terima kasih, sungguh! Tapi saya telah mencurahkan semua bakat saya ke dalamnya, sebanyak yang saya miliki! Sesuatu untuk menemani Anda di jalan-jalan sepi di atas sana.&lt;page&gt;Simpanlah itu selama perjalanan Anda, dan ingatlah bahwa Anda selalu diterima di sini bersama kami."
BB_RESIDENT_CAMP,"&lt;hpage&gt;This camp seems in poor condition, good bug. With the lands around turning deadly, I&#8217;d worry for its safety.&lt;page&gt;Aye. We surely aren&#8217;t seeing its finest moment, but this place has been serving us passing bugs for as long as any can remember.&lt;page&gt;It&#8217;s faith, you see! All those pilgrims, now and past. Our devotion holds it together. The camp&#8217;ll remain, and provide, no matter the troubles.&lt;page&gt;","&lt;hpage&gt;Kamp ini tampak dalam kondisi buruk, serangga yang baik. Dengan tanah di sekitarnya menjadi berbahaya, aku khawatir akan keamanannya.&lt;page&gt;Benar. Kita memang tidak melihat masa kejayaannya, tapi tempat ini telah melayani kita selama bertahun-tahun.&lt;page&gt;Itu adalah keyakinan, kau tahu! Semua peziarah, baik yang sekarang maupun yang lalu. Kesetiaan kita yang mempertahankannya. Kamp ini akan tetap ada dan memberikan perlindungan, tak peduli seberapa besar masalahnya.&lt;page&gt;"
FUNERAL_1,"&lt;hpage&gt;What ritual calls you all together, pilgrim?&lt;page&gt;Our brother, this poor wretch in my arms, has walked his last aching step. We gather here to sing him farewell, and to mourn our great loss.","&lt;hpage&gt;Apa ritual yang mengumpulkan kalian semua, para peziarah?&lt;page&gt;Saudara kita, orang malang ini yang ada dalam pelukanku, telah menempuh langkah terakhirnya yang penuh penderitaan. Kita berkumpul di sini untuk menyanyikan lagu perpisahan baginya, dan untuk berduka atas kehilangan besar kita."
BB_CARETAKER_TALK_02,"If the veiled bugs have an interest in you, enough to brave the wastes beyond our borders, then you must be rather special, yes?&lt;hpage&gt;In my own lands, some may once have seen me so. In this place, with my strength sapped, I am just another traveller.&lt;page&gt;Ohho! A traveller, but still something more. I can see it now. Of course! That focus!&lt;page&gt;Did those veiled bugs realise who they snared? Perhaps it is they who should be worried, eh?","Jika serangga bercadar itu tertarik padamu, hingga berani menyeberangi padang gurun di luar perbatasan kita, maka kamu pasti cukup istimewa, bukan?&lt;hpage&gt;Di tanahku sendiri, mungkin dulu ada yang melihatku seperti itu. Di tempat ini, dengan kekuatan yang terkuras, aku hanyalah seorang pengembara biasa.&lt;page&gt;Ohho! Seorang pengembara, tapi masih ada sesuatu yang lebih. Aku bisa melihatnya sekarang. Tentu saja! Fokus itu!&lt;page&gt;Apakah serangga-serangga bercadar itu menyadari siapa yang mereka tangkap? Mungkin mereka yang seharusnya khawatir, ya?"
MOSSCREEP_REOFFER,"My wish. Oh my wish! I need fruits of the world, three little darlings. I need them! Does the kingdom not send you, little you, to grant my desire?","My wish. Oh my wish! I need fruits of the world, three little darlings. I need them! Does the kingdom not send you, little you, to grant my desire?"
BB_CARETAKER_MEET_1,"Ahh, awake at last! You should mind your strength, traveller. There&#8217;s no use wasting energy on an old nobody like me.&lt;hpage&gt;I see that now, madam. My welcome to your land has not been kind. I had reason to be wary.","Ahh, akhirnya terbangun! Kamu harus berhati-hati dengan kekuatanmu, pelancong. Tidak ada gunanya membuang-buang energi pada orang tua seperti aku.&lt;hpage&gt;Aku mengerti sekarang, Nyonya. Sambutanmu padaku di negeri ini tidak ramah. Aku punya alasan untuk waspada."
BB_CARETAKER_PRE_MEET,Up with you! Up! I won&#8217;t have you dying on my floor!,Bangun! Bangun! Aku tidak mau kamu mati di lantai kamarku!
BB_CARETAKER_MEET_3,"&lt;hpage&gt;I am no pilgrim. I am Hornet, and I arrive in your land by no choice of my own.&lt;hpage&gt;I was brought to your kingdom by force, captured by strange bugs clad in veils.&lt;page&gt;Oho! How curious! The bugs of the Citadel, at the summit of our land. They veil themselves in service to their faith, or perhaps as slaves to something greater...&lt;hpage&gt;Then I shall seek their Citadel. If these veiled bugs would go to such lengths to bring me here, I intend to find out why.&lt;page&gt;Oho! Ferocious! Intimidating! Yours is no pilgrim&#8217;s spirit! You&#8217;ve the bearing of a hunter.&lt;page&gt;Welcome then, fierce traveller, to Pharloom! Our holy yet haunted land.&lt;page&gt;Before you depart, permit an old bug a brief warning. Best keep that weapon drawn.&lt;page&gt;Our kingdom is gripped by a curse. Its paths grow wild and dangerous, and though some still attempt the climb to the Citadel at its crest, none return to speak of what they see.","&lt;hpage&gt;Aku bukanlah seorang peziarah. Aku adalah Hornet, dan aku tiba di tanahmu bukan atas kehendakku sendiri.&lt;hpage&gt;Aku dibawa ke kerajaanmu dengan paksa, ditangkap oleh serangga aneh yang mengenakan cadar.&lt;page&gt;Oho! Betapa menariknya! Serangga-serangga dari Citadel, di puncak tanah kami. Mereka mengenakan cadar sebagai bentuk pengabdian pada keyakinan mereka, atau mungkin sebagai budak sesuatu yang lebih besar...&lt;hpage&gt;Maka aku akan mencari Citadel mereka. Jika serangga-serangga bercadar ini rela melakukan segala cara untuk membawaku ke sini, aku bermaksud menemukan alasannya.&lt;page&gt;Oho! Garang! Menakutkan! Semangatmu bukan semangat seorang peziarah! Kau memiliki sikap seorang pemburu.&lt;page&gt;Selamat datang, pelancong yang ganas, ke Pharloom! Tanah suci namun angker kami.&lt;page&gt;Sebelum kau pergi, izinkan seekor serangga tua memberi peringatan singkat. Lebih baik tetap siapkan senjatamu.&lt;page&gt;Kerajaan kami dilanda kutukan. Jalannya menjadi liar dan berbahaya, dan meskipun beberapa masih mencoba mendaki ke Citadel di puncaknya, tak ada yang kembali untuk menceritakan apa yang mereka lihat."
BB_CARETAKER_MEET_2,So you&#8217;re another pilgrim then? Scuttled out of the darkness to climb the great path and bow at its gilded peak?,"Jadi kamu juga seorang peziarah, ya? Keluar dari kegelapan untuk mendaki jalan besar dan bersujud di puncaknya yang berlapis emas?"
BB_FIXER_Q1_COMPLETE,"Well, look at that! You&#8217;ve gone and donated all those shell shards, just like I wished for! I can scarcely believe it!&lt;page&gt;Those shards are valuable, alright. Brilliant for crafting and fixing, very versatile.&lt;page&gt;More than that, though... it was a warm thing you did, the sort of kindness you don&#8217;t see much in this weary place.&lt;hpage&gt;Was this kindness? I must take care to learn of this land and claim what advantage I can from it. Answering requests like yours can often fit those ends.&lt;page&gt;Oh, it&#8217;s like that, is it? Well, even still, the help&#8217;s well appreciated, miss. Best of luck in your travels, and may every wish of yours be granted!","Lihatlah itu! Kamu sudah menyumbangkan semua pecahan cangkang itu, persis seperti yang aku harapkan! Aku hampir tidak percaya!&lt;page&gt;Pecahan-pecahan itu memang berharga. Sangat berguna untuk kerajinan dan perbaikan, sangat serbaguna.&lt;page&gt;Lebih dari itu... apa yang kamu lakukan itu sangat baik, jenis kebaikan yang jarang ditemui di tempat yang lelah ini.&lt;hpage&gt;Apakah ini kebaikan? Aku harus berhati-hati untuk mempelajari tanah ini dan memanfaatkan keuntungannya. Menjawab permintaan seperti milikmu seringkali sesuai dengan tujuan itu.&lt;page&gt;Oh, begitu ya? Well, meskipun begitu, bantuannya sangat dihargai, Nona. Semoga perjalananmu lancar, dan semoga setiap keinginanmu terkabul!"
BB_SHOPKEEP_POST_BOSS,"Oh, oh dear... what fearful events are sent to test we poor pilgrims! How could it be that our path to paradise is infested with such beasts?&lt;page&gt;To brave such a world... oh my. I&#8217;ll need more rosaries, that&#8217;s for certain. Please traveller, won&#8217;t you trade with me?","Oh, oh sayang... betapa mengerikan peristiwa-peristiwa yang dikirim untuk menguji kita, para peziarah malang ini! Bagaimana mungkin jalan kita menuju surga dipenuhi dengan binatang-binatang seperti itu?&lt;halaman&gt;Untuk menghadapi dunia seperti ini... oh my. Aku butuh lebih banyak rosario, itu pasti. Tolong, pelancong, maukah kau bertukar denganku?"
MOSSCREEP_WISHWALL,"You are my wish granter, yes? My wish! I need fruits of the world, three little darlings. I need them, so I wish!&lt;page&gt;You made the promise. A binding stronger than sin. Bring me the three Mossberries. Precious fruit! Grant my wish, and then the work begins!","Kamu adalah pemberi keinginan aku, ya? Keinginan aku! Aku butuh buah-buahan dari seluruh dunia, tiga buah kecil yang manis. Aku butuh mereka, jadi aku berharap!&lt;page&gt;Kamu telah membuat janji. Janji yang lebih kuat dari dosa. Bawakan aku tiga buah Mossberry. Buah yang berharga! Penuhi keinginanku, dan kemudian pekerjaan dimulai!"
BB_RESIDENT_PILGRIMSREST_REPEAT,"I&#8217;ve a long way to go, and much more to see. For now though, let&#8217;s just rest a little while, eh?","Saya masih punya jalan panjang yang harus ditempuh, dan masih banyak hal yang harus dilihat. Tapi untuk saat ini, mari kita istirahat sebentar saja, ya?"
BB_FIXER_GENERIC,"Times are hard, so fresh supplies are always welcome! Bugs arrive here with nothin&#8217; and often leave without much more.","Waktu sulit, jadi pasokan segar selalu disambut baik! Serangga datang ke sini tanpa apa-apa dan sering kali pergi tanpa banyak tambahan."
BB_SHOPKEEP_NOSTOCK,"Well now! Seems I&#8217;ve traded you the last of my supplies, so I&#8217;ve got no more excuses to linger down here.&lt;page&gt;I&#8217;ll soon be making my way up to the great Citadel. As holy as I am with rosaries, I&#8217;m sure my path will not be an arduous one...","Baiklah! Sepertinya aku sudah menukar sisa persediaan terakhirku padamu, jadi aku tidak punya alasan lagi untuk berlama-lama di sini.&lt;page&gt;Aku akan segera berangkat menuju Citadel yang agung. Sebagaimana suci aku dengan rosario-rosario ini, aku yakin perjalanan ku tidak akan sulit... "
MOSSCREEP_TRADE_NOBERRY,"Bring more Mossberries here. Mmm. Yes, we will trade. Precious rosaries for fresh berries! Seek them wherever you see the green moss grow!","Bawa lebih banyak Mossberries ke sini. Mmm. Ya, kita akan bertukar. Rosario berharga untuk beri segar! Carilah mereka di mana pun kamu melihat lumut hijau tumbuh!"
BB_CARETAKER_TALK_01,"You bear your blade well, hunter, and you&#8217;ve skill no doubt, so I don&#8217;t mean any unkindness when I say you still seem a little frail.&lt;hpage&gt;I was a long time spent captive, bound by seals strange to me. My strength is diminished, but recoverable.&lt;hpage&gt;By the time I reach that Citadel, I&#8217;ll be ready to face what waits.","Kamu menguasai pedangmu dengan baik, pemburu, dan tak diragukan lagi kamu memiliki keahlian, jadi aku tak bermaksud kasar saat aku mengatakan kamu masih terlihat sedikit lemah.&lt;hpage&gt;Aku telah lama menjadi tawanan, terikat oleh segel-segel yang asing bagiku. Kekuatanku berkurang, tapi bisa pulih.&lt;hpage&gt;Saat aku sampai di Citadel itu, aku akan siap menghadapi apa yang menanti."
BB_CARETAKER_CURSED,"Oh! Hunter, aren&#8217;t you in a sorry state. You&#8217;re all bound up, looking worse than when we first met!&lt;hpage&gt;My shell has become host to a cruel parasite. Though my natural strength keeps it from consuming me entirely, I&#8217;m much weakened by its presence.&lt;page&gt;Well this just won&#8217;t do! Pharloom&#8217;s already in the snare of one fell curse, we can&#8217;t have another vying to leech what life remains.&lt;page&gt;Best you head quick over to that town of bells, at the core of our kingdom. I&#8217;ve an uncle hidden about there, an old hermit, and a horrid curmudgeon.&lt;page&gt;That hermit&#8217;s a hard one to befriend, but he holds some knowledge about this kingdom&#8217;s maladies. If anyone&#8217;s able to point you to a cure, it&#8217;ll be him.","Oh! Hunter, kau dalam keadaan yang mengenaskan. Kau terikat erat, terlihat lebih buruk daripada saat kita pertama kali bertemu!&lt;hpage&gt;Cangkangku telah menjadi inang bagi parasit kejam. Meskipun kekuatan alaminya mencegah parasit itu menghabisiku sepenuhnya, kehadirannya telah melemahkanku secara signifikan.&lt;page&gt; Ini benar-benar tidak bisa dibiarkan! Pharloom sudah terjebak dalam kutukan mengerikan, kita tidak bisa membiarkan yang lain berusaha menghisap sisa kehidupan yang tersisa.&lt;page&gt;Lebih baik kamu segera pergi ke kota lonceng itu, di pusat kerajaan kita. Aku punya paman yang bersembunyi di sana, seorang pertapa tua, dan seorang pemarah yang mengerikan.&lt;page&gt;Pertapa itu sulit untuk didekati, tapi dia memiliki pengetahuan tentang penyakit-penyakit kerajaan ini. Jika ada yang bisa menunjukmu ke obatnya, dia lah orangnya."
MOSSCREEP_TRADE_ACCEPT_3,"Mmm, the precious fruit! And... oh! Such fruit! Perfectly ripe! Perfectly fragrant! Perfectly round! Take what you have earned, much of much rosaries!","Hmm, buah yang berharga! Dan... oh! Buah yang begitu indah! Sempurna matang! Sempurna harum! Sempurna bulat! Ambil apa yang telah kamu peroleh, banyak sekali rosario!"
BB_SHOPKEEP_MEET_ALT,O-oh! Traveller! Won&#8217;t you stop and make trade with an old pilgrim? Surely something here will aid you in your great journey!,O-oh! Pelancong! Maukah kau berhenti sejenak dan berdagang dengan seorang peziarah tua? Pasti ada sesuatu di sini yang dapat membantumu dalam perjalanan besarmu!
MOSSCREEP_TRADE_REFUSE,You keep the fruit for yourself? For greed? Strange choice! It will only weigh you down...,Kamu menyimpan buah itu untuk dirimu sendiri? Karena keserakahan? Pilihan yang aneh! Itu hanya akan membebani dirimu...
BB_FIXER_STATUE_REPEAT,Don&#8217;t go thinkin&#8217; fear&#8217;s keepin&#8217; me from my own pilgrimage! S&#8217;just there&#8217;s a lotta work still to do here and few bugs able to do it.,"Jangan berpikir bahwa rasa takut yang menghalangi aku untuk melakukan ziarahku sendiri! Hanya saja, masih banyak pekerjaan yang harus dilakukan di sini dan sedikit orang yang mampu melakukannya."
FUNERAL_4,"Sing for our brother, who has died a devout death! All his pains and torments left behind, like the dust shrugged from a traveller&#8217;s shawl.","Nyanyikanlah untuk saudara kita, yang telah meninggal dengan kematian yang saleh! Semua penderitaan dan siksaan yang ditinggalkannya, seperti debu yang terlepas dari selendang seorang pengembara."
MOSSCREEP_ACCEPT,"Promised, then. A binding stronger than sin. Bring me the three Mossberries. Precious fruit! Grant my wish, and then the work begins!","Janji, begitu. Ikatan yang lebih kuat dari dosa. Bawakan aku tiga buah Mossberry. Buah yang berharga! Penuhi keinginanku, dan kemudian pekerjaan dimulai!"
MOSSCREEP_MEET,"Mm. Mmm! Who is it? An intruder! Terrible! To interrupt a humble druid as they work!&lt;hpage&gt;I meant no intrusion, druid. The sound of your laughter drew me to investigate.&lt;hpage&gt;This settlement is built around an old structure of the Weavers. Do you know of them? Do they inhabit this land still?&lt;page&gt;Mm? What settlement? What Weavers?! You speak nonsense!","Mm. Mmm! Siapa itu? Seorang penyusup! Mengenaskan! Mengganggu seorang druid yang sedang bekerja!&lt;hpage&gt;Aku tidak bermaksud mengganggu, druid. Suara tawamu membuatku penasaran untuk menyelidiki.&lt;hpage&gt;Pemukiman ini dibangun di sekitar struktur tua para Weavers. Apakah kau tahu tentang mereka? Apakah mereka masih tinggal di tanah ini?&lt;page&gt;Mm? Pemukiman apa? Weavers apa?! Kau bicara omong kosong!"
BB_CARETAKER_SNARE,"&lt;hpage&gt;Madam, I return seeking power to aid construction of a trap, at request of your sibling residing atop the Citadel.&lt;page&gt;Aye, hunter. So you managed to rouse the old fool. I&#8217;ve known it coming, felt it, and glad I am! &lt;page&gt;Rest&#8217;a my family spent far too long huddled and glum... or dead! Not me! I&#8217;d always been thinkin&#8217; it a waste to just take what&#8217;s coming, when her up top wakes.&lt;page&gt;Better to fight for freedom or go out in a blaze, oh ho!","&lt;hpage&gt;Nyonya, saya kembali untuk meminta kekuatan guna membantu pembangunan jebakan, atas permintaan saudara Anda yang tinggal di atas Citadel.&lt;page&gt;Ya, pemburu. Jadi kamu berhasil membangunkan si tua bodoh itu. Aku sudah tahu ini akan terjadi, merasakannya, dan aku senang! &lt;page&gt; Rest&#8217;a, keluargaku telah terlalu lama berkerumun dan murung... atau mati! Bukan aku! Aku selalu berpikir bahwa hanya menerima apa yang datang adalah pemborosan, ketika dia di atas bangun.&lt;page&gt;Lebih baik berjuang untuk kebebasan atau mati dalam kobaran api, oh ho!"
MOSSCREEP_TRADE_ACCEPT_1,"Mmm, the precious fruit! Ah... but! This one is not so fresh. Rotten! Stench of death! A meagre amount of rosaries for you. As much as you deserve!","Hmm, buah yang berharga! Ah... tapi! Yang ini tidak segar. Busuk! Bau kematian! Hanya sedikit rosario untukmu. Sebanyak yang pantas kamu dapatkan!"
FUNERAL_NAME_1,&lt;hpage&gt;Pilby. This pilgrim&#8217;s name was Pilby.,&lt;hpage&gt;Pilby. Nama peziarah ini adalah Pilby.
BB_FIXER_REPEAT,"Once this wishwall is up, bugs&#8217;ll be able to seek help from any able shell around. You could even try granting a couple of wishes yourself, missy!","Setelah dinding keinginan ini dipasang, serangga akan dapat meminta bantuan dari cangkang mana pun yang tersedia. Kamu bahkan bisa mencoba mengabulkan beberapa keinginan sendiri, Nona!"
BB_RESIDENT_REPEAT,"Rest here with me as long as you like. I&#8217;m not ready to leave yet, and a little company is always nice.","Beristirahatlah di sini bersamaku selama yang kamu inginkan. Aku belum siap untuk pergi, dan sedikit teman selalu menyenangkan."
BELLWAY_PILGRIM_REPEAT,"Down here you can&#8217;t hear the cries of the pilgrims above, only the faintly ringing bells. I&#8217;ll stay and meditate a little longer, before I start my own pilgrimage...","Di sini, kamu tidak bisa mendengar teriakan para peziarah di atas, hanya lonceng yang berbunyi pelan. Aku akan tinggal dan bermeditasi sebentar lagi, sebelum memulai ziarahku sendiri..."
FUNERAL_FINAL_NAME,"Farewell, brother Pilby. May your shell harden the path for others to tread.","Selamat jalan, saudara Pilby. Semoga cangkangmu menguatkan jalan bagi orang lain untuk dilalui."
BELLWAY_PILGRIM_AFTER_TRAVEL,Beast! B-b-beast! Horrible beast!,Binatang! B-b-binatang! Binatang yang mengerikan!
FUNERAL_3,...Hm. Who here knows the name of this little pilgrim?,...Hm. Siapa di sini yang tahu nama peziarah kecil ini?
BB_FIXER_Q1_COMPLETE_R,"Common stuff, shell shards, but very practical. I can use &#8216;em to patch almost anything up, and this camp&#8217;s always in need of some mending. ","Benda-benda biasa, pecahan cangkang, tapi sangat praktis. Saya bisa menggunakannya untuk memperbaiki hampir segala sesuatu, dan perkemahan ini selalu membutuhkan perbaikan. "
BB_FIXER_BENCHREPAIR_REPEAT,"And another poor pilgrim lost, eh? Just the thought of it makes me weary. Better to put my head down and work &#8216;til the job&#8217;s done...","Dan seorang peziarah malang lagi yang hilang, ya? Hanya memikirkannya saja sudah membuatku lelah. Lebih baik aku fokus bekerja sampai pekerjaan selesai..."
BB_RESIDENT_MEET,"Hm? A fellow pilgrim, are you? About to start your great journey to the holy Citadel up top?&lt;hpage&gt;I am no pilgrim, sir, though it seems we will be travelling a similar path.&lt;page&gt;Not a pilgrim? Well, it makes no difference, I suppose. We all must walk the roads, up and up, though most of us will fall long before we see the grand gates.&lt;page&gt;If you&#8217;re wise, you&#8217;ll stop here and rest a while before heading out into that dangerous world...","Hm? Seorang peziarah, ya? Siap memulai perjalanan besar Anda ke Citadel Suci di atas sana?&lt;hpage&gt;Saya bukan peziarah, Tuan, meski sepertinya kita akan menempuh jalan yang serupa.&lt;page&gt;Bukan peziarah? Yah, tak masalah, kurasa. Kita semua harus menempuh jalan ini, naik dan naik, meski kebanyakan dari kita akan jatuh jauh sebelum melihat gerbang megah itu.&lt;page&gt;Jika Anda bijak, Anda akan berhenti di sini dan beristirahat sejenak sebelum melanjutkan perjalanan ke dunia berbahaya itu..."
MOSSCREEP_QUESTCOMPLETE_D,"And for the parting, a gift. An amulet of we druids. Or me druid? No others, I think.&lt;page&gt;May it ease your sorrows, wish granter. May it cry for you when no tears are left!","Dan sebagai perpisahan, sebuah hadiah. Sebuah jimat dari kami para druid. Atau aku, sang druid? Tidak ada yang lain, kurasa.&lt;page&gt;Semoga ini meringankan kesedihanmu, pemberi harapan. Semoga ini menangis untukmu ketika tak ada lagi air mata yang tersisa!"
MOSSCREEP_TRADE_BERRY,"Mmm! Mmm! You carry a sweet, precious smell with you. A fruit! Will you trade it for rosaries?",Mmm! Mmm! Kamu membawa aroma manis dan berharga. Sebuah buah! Apakah kamu mau menukarnya dengan rosario?
BB_RESIDENT_TALK,"&lt;hpage&gt;I wonder, little pilgrim. What calls you and your fellows up to the Citadel? If the way is dangerous, why take the journey at all?&lt;page&gt;Strange question to be asking of a pilgrim. Our holy land calls on us, to journey up is our greatest task. Who are we to refuse?&lt;page&gt;Guided by faith, we climb through flaming fields, across rolling moors, and up great gilded steps. All to reach that eternal, shining Citadel.&lt;page&gt;Once I&#8217;m good and ready, I&#8217;ll make the climb myself...","&lt;hpage&gt;Aku penasaran, wahai peziarah kecil. Apa yang memanggilmu dan teman-temanmu ke Citadel? Jika jalan itu berbahaya, mengapa repot-repot melakukan perjalanan?&lt;page&gt;Pertanyaan aneh untuk diajukan kepada seorang peziarah. Tanah suci memanggil kami, dan melakukan perjalanan ke sana adalah tugas terbesar kami. Siapakah kita untuk menolaknya?&lt;page&gt;Dipandu oleh iman, kita mendaki melalui ladang yang terbakar, melintasi padang rumput yang bergelombang, dan menaiki tangga emas yang megah. Semua demi mencapai Citadel yang abadi dan berkilau.&lt;page&gt;Begitu aku siap, aku akan mendaki sendiri..."
MOSSCREEP_QUESTCOMPLETE_C,"Mmm. Mmm! The pain... my mind aches. Why? The berries, the nasty fruits. Oh the visions!&lt;page&gt;You, wish promiser. Wish granter. You brought me what I needed and stayed by my side. Companion through my ordeal. I could ask for nothing more.","Hmm. Hmm! Sakitnya... pikiranku terasa sakit. Mengapa? Buah-buahan itu, buah-buahan yang menjijikkan. Oh, penglihatan-penglihatan itu!&lt;halaman&gt;Kamu, pemberi harapan. Pemberi keinginan. Kamu memberiku apa yang kubutuhkan dan tetap di sisiku. Teman sejati dalam cobaan ini. Aku tak bisa meminta lebih dari itu."
MOSSCREEP_QUESTCOMPLETE_B,"Ahhh! Ahhh-ohhhh! The smell is right! Like the others! But very young! Oh, voice of the woods! Oh, dance of the queen! Oh.... oh! Beat harder, let us hear it! Oh! Ohhhhhhhh!","Ahhh! Ahhh-ohhhh! Aromanya pas! Seperti yang lain! Tapi sangat muda! Oh, suara hutan! Oh, tarian ratu! Oh.... oh! Pukul lebih keras, biarkan kami mendengarnya! Oh! Ohhhhhhhh!"
FUNERAL_2b,"Sing, brothers and sisters! Sing, and drown out this burdensome sorrow! Sing out the name of this poor pilgrim, whose journey had nary begun! ","Bernyanyilah, saudara-saudari! Bernyanyilah, dan tenggelamkan kesedihan yang membebani ini! Nyanyikanlah nama sang peziarah miskin ini, yang perjalanannya belum sempat dimulai! "
BELLWAY_PILGRIM_TALK_1,"Have you heard the talk of what waits just beyond this camp?&lt;page&gt;Brittle caverns of bone, the very base of Pharloom, filled with all manner of deadly creatures and jagged dangers.&lt;page&gt;It&#8217;s said ancient bugs once made their homes amidst it.&lt;page&gt;Who could believe! In such a hostile, unstable place! In all my time, I&#8217;ve never met a bug so brave.","Apakah kamu pernah mendengar cerita tentang apa yang menanti di balik perkemahan ini?&lt;page&gt;Gua-gua rapuh berbentuk tulang, dasar dari Pharloom, dipenuhi dengan berbagai makhluk mematikan dan bahaya yang tajam.&lt;page&gt;Konon, serangga purba pernah menjadikan tempat ini sebagai rumah mereka.&lt;page&gt;Siapa yang bisa percaya! Di tempat yang begitu berbahaya dan tidak stabil! Selama hidupku, aku belum pernah bertemu serangga seberani itu."
BB_PILGRIM_HORNED,"Sister, sister! What is that long, gleaming tooth you carry with you? Is it a weapon?&lt;hpage&gt;It is indeed, though you need not fear. I will not raise it against you. Its edge is meant for predators and other foes.&lt;hpage&gt;I strongly suggest you arm yourself similarly before your own journey begins.&lt;page&gt;Alas... for a pilgrim, that&#8217;s sin you speak of, sister.&lt;page&gt;We arm ourselves with prayer, garb ourselves in faith, and hope they prove enough to reach the Citadel&#8217;s glory. Such is our way...","Saudari, saudari! Apa itu gigi panjang berkilau yang kau bawa? Apakah itu senjata?&lt;hpage&gt;Memang benar, namun kau tak perlu takut. Aku takkan menggunakannya melawanmu. Ujungnya ditujukan untuk predator dan musuh lainnya.&lt;hpage&gt;Aku sangat menyarankan agar kau juga bersenjata serupa sebelum perjalananmu dimulai.&lt;page&gt; Sayang... bagi seorang peziarah, itu dosa yang kau bicarakan, saudari.&lt;page&gt;Kita bersenjata dengan doa, berpakaian dengan iman, dan berharap itu cukup untuk mencapai kemegahan Citadel. Itulah cara kita..."
BB_FIXER_Q1_INTRO,"Oh! Back again? The wishwall is up! Ready for all the poor souls who&#8217;ve been left behind down here.&lt;page&gt;In Pharloom, wishes are granted to those truly devout, or so they say. And there ain&#8217;t no harm in us dregs having wishes too.&lt;page&gt;Why, I even went and added a little wish of my own to the wishwall! Fair&#8217;s fair. I did build the thing. Seems like the kingdom should be granting my wish before anyone else&#8217;s.","Oh! Kembali lagi? Dinding Keinginan sudah siap! Siap untuk semua jiwa malang yang tertinggal di sini.&lt;page&gt;Di Pharloom, keinginan dipenuhi bagi mereka yang benar-benar taat, atau begitu kata orang. Dan tidak ada salahnya bagi kita yang terbuang ini untuk memiliki keinginan juga.&lt;page&gt;Mengapa, aku bahkan menambahkan sedikit keinginan sendiri ke dinding keinginan! Adil saja. Aku yang membangunnya. Sepertinya kerajaan seharusnya mengabulkan keinginanku sebelum keinginan orang lain."
BB_FIXER_MEET,"&lt;hpage&gt;What&#8217;s this you&#8217;re building, sir? A sign of some kind?&lt;page&gt;Aye, aye. You&#8217;re a sharp bug! A wishwall. It&#8217;s past time this old camp had one. As the resident fixer, I&#8217;ve taken it upon myself to sort it out.&lt;page&gt;They&#8217;re a popular thing about Pharloom, wishwalls. Useful too. So many prayers left unanswered. Gives &#8216;em a place to go.","&lt;hpage&gt;Apa yang sedang Anda bangun, Pak? Sebuah tanda apa itu?&lt;page&gt;Ya, ya. Anda pintar sekali! Sebuah dinding harapan. Sudah waktunya kamp tua ini punya satu. Sebagai tukang reparasi di sini, saya telah mengambil inisiatif untuk mengurusnya.&lt;page&gt;Dinding harapan itu populer di Pharloom. Berguna juga. Begitu banyak doa yang tak terjawab. Memberi mereka tempat untuk pergi."
BB_PILGRIM_ROUND_REPEAT,I must listen carefully... and pray with uninterrupted devotion. Only then will my faith be strong enough... to carry me upward...,Saya harus mendengarkan dengan seksama... dan berdoa dengan penuh ketulusan tanpa henti. Hanya dengan begitu iman saya akan cukup kuat... untuk membawa saya ke atas...
BB_CARETAKER_SNARE_REPEAT,"S&#8217;not a surprise it&#8217;s you rallying us to action, hunter. You had the sense about you, a bug bringing change&#8217;n all.&lt;page&gt;Course you&#8217;re more than just a bug, aint&#8217;cha! More than Weaver. Guess it&#8217;d take someone like you for my family to dare hope at success.&lt;page&gt;Go and prove our trust now, won&#8217;t you? We&#8217;ve spent our lifetimes wishing for another path. With a bit of luck, you might grant it.","Tidak mengherankan kalau kamu yang memimpin kita bertindak, pemburu. Kamu punya insting yang tajam, seperti serangga yang membawa perubahan.&lt;page&gt;Tentu saja kamu lebih dari sekadar serangga, kan? Lebih dari Weaver. Kurasa butuh seseorang seperti kamu agar keluargaku berani berharap akan kesuksesan.&lt;page&gt;Pergilah dan buktikan kepercayaan kami sekarang, maukah kamu? Kami telah menghabiskan seumur hidup kami berharap akan jalan lain. Dengan sedikit keberuntungan, kamu mungkin bisa memberikannya."
FUNERAL_NONAME,"Well. Though this pilgrim&#8217;s name has been lost, still we sing.","Baiklah. Meskipun nama peziarah ini telah hilang, kita tetap bernyanyi."
BB_RESIDENT_GOT_SPRINT,"Been hearing awful whispers in camp, about pilgrims driven mad by the hardships of the climb, crying out and attacking their fellows.&lt;page&gt;You&#8217;ve been out there. Tell me, is it really so?&lt;hpage&gt;You&#8217;ve heard it true, sir. On the roads, both pilgrims and beasts alike are consumed, driven to violence by a haunted thread, the source of which I have yet to discover.&lt;page&gt;Ah... I&#8217;d feared it was so. I won&#8217;t be able to trust a single face out on the path, then.&lt;page&gt;The risk of death was daunting enough, but the loneliness of such a journey, that seems almost too much to bear... Ah well. Just another test of our devotion, I suppose.","Been hearing awful whispers in camp, about pilgrims driven mad by the hardships of the climb, crying out and attacking their fellows.&lt;page&gt;You&#8217;ve been out there. Tell me, is it really so?&lt;hpage&gt;You&#8217;ve heard it true, sir. On the roads, both pilgrims and beasts alike are consumed, driven to violence by a haunted thread, the source of which I have yet to discover.&lt;page&gt;Ah... I&#8217;d feared it was so. I won&#8217;t be able to trust a single face out on the path, then.&lt;page&gt;The risk of death was daunting enough, but the loneliness of such a journey, that seems almost too much to bear... Ah well. Just another test of our devotion, I suppose."
BB_PILGRIM_HORNED_REPEAT,"We pilgrims arm ourselves with prayer, garb ourselves in faith, and hope they prove enough to reach the Citadel&#8217;s glory. Such is our way...","Kami para peziarah bersenjatakan doa, mengenakan jubah iman, dan berharap hal itu cukup untuk mencapai kemegahan Citadel. Itulah jalan kami..."
BB_CARETAKER_TALK_03,"&lt;hpage&gt;What duty binds you to this old chapel, madam? The structure barely stands, and I see no signs of congregation.&lt;page&gt;Aye! Gone! The lot&#8217;o them, fled and hidden. But I&#8217;m not leaving till I&#8217;ve set this place right...&lt;page&gt;...It&#8217;s that Citadel above, you see. Even now, in Pharloom&#8217;s long decline, the simple bugs, they&#8217;re witless before it. Too grand. Too majestic. Too powerful.&lt;page&gt;This building&#8217;s state is a sad example of those who&#8217;d dare suggest another path...","&lt;hpage&gt;Apa yang mengikat Anda pada kapel tua ini, Nyonya? Bangunan ini hampir runtuh, dan saya tidak melihat tanda-tanda jemaat.&lt;page&gt;Ya! Mereka semua pergi! Mereka semua melarikan diri dan bersembunyi. Tapi saya tidak akan pergi sampai tempat ini diperbaiki...&lt;page&gt;...Itu adalah Citadel di atas sana, Anda lihat. Bahkan sekarang, di tengah kemunduran panjang Pharloom, serangga-serangga sederhana itu tak berdaya di hadapannya. Terlalu megah. Terlalu megah. Terlalu kuat.&lt;halaman&gt;Keadaan bangunan ini adalah contoh menyedihkan bagi mereka yang berani mengusulkan jalan lain..."
BB_FIXER_ACT3_DELIVERY,"Eh? What fortune is this? Our wish answered, even in a moment so dark!&lt;page&gt;You&#8217;ve proved quite the saviour, miss, and you&#8217;ve certainly earned the appreciation of this whole sorry lot.&lt;hpage&gt;You are welcome, sir. For you few, I hope these supplies may aid.","Eh? Apa ini keberuntungan? Doa kita terkabul, bahkan di saat yang begitu gelap!&lt;page&gt;Anda benar-benar penyelamat, Nona, dan Anda pantas mendapat apresiasi dari seluruh kelompok ini.&lt;hpage&gt;Terima kasih, Tuan. Semoga persediaan ini dapat membantu Anda semua."
BB_PILGRIM_ROUND,"You, in the cloak... pray tread softly. I am meditating, gathering my faith... before my pilgrimage begins.&lt;hpage&gt;My steps are soft enough, madam. If I have disturbed you, it was not my intent.&lt;page&gt;Ahh... even your speech... far too loud. I can scarcely hear my thoughts. Please, be away...","Anda, yang mengenakan jubah... tolong berjalanlah dengan pelan. Aku sedang bermeditasi, mengumpulkan keyakinanku... sebelum perjalanan suciku dimulai.&lt;hpage&gt;Langkahku sudah cukup pelan, Nyonya. Jika aku telah mengganggumu, itu bukan niatku.&lt;page&gt;Ahh... bahkan suaramu... terlalu keras. Aku hampir tidak bisa mendengar pikirananku. Tolong, pergilah..."
BB_CARETAKER_BONEGRAVE,"I see you&#8217;ve gone and opened up the great bone gate back there. And without even asking my permission! Feeling curious, were you?&lt;hpage&gt;There is a vast grave beyond. I&#8217;d assumed most bugs died climbing the path, but it seems many fell before their trek had barely commenced?&lt;page&gt;Aye! Lost their lives to beasts, or to luck turned rotten. Others were simply formed too frail.&lt;page&gt;At least those pour souls can rest together. Death and death and death, the eternal promise of our eternal kingdom. Eventually it claims us all. ","Aku lihat kau sudah membuka gerbang tulang besar di sana. Dan tanpa meminta izin dariku! Penasaran, ya?&lt;hpage&gt;Di sana ada kuburan yang luas. Saya kira kebanyakan serangga mati saat mendaki jalan itu, tapi sepertinya banyak yang jatuh sebelum perjalanan mereka bahkan dimulai?&lt;page&gt;Benar! Mereka kehilangan nyawa karena binatang buas, atau karena keberuntungan yang berubah menjadi sial. Yang lain terlalu lemah untuk bertahan.&lt;page&gt;Setidaknya jiwa-jiwa malang itu bisa beristirahat bersama. Kematian dan kematian dan kematian, janji abadi kerajaan abadi kita. Akhirnya, ia akan mengklaim kita semua. "
BB_CARETAKER_BASEMENT_TALK_01,"Hunter! I&#8217;m thinking it was you that cleared my basement?&lt;hpage&gt;On first arrival here, the nesting creatures didn&#8217;t take kindly to my passing.&lt;page&gt;Ohho. They&#8217;re cranky bugs, alright. And they made an awful mess down here with their hatching and breeding.&lt;page&gt;You&#8217;ve my many thanks for seeing them off!","Pemburu! Aku pikir kau yang membersihkan ruang bawah tanahku?&lt;hpage&gt;Saat pertama kali tiba di sini, makhluk-makhluk yang bersarang di sini tidak menyukai kedatanganku.&lt;page&gt;Ohho. Mereka memang serangga yang pemarah. Dan mereka membuat kekacauan yang mengerikan di sini dengan proses bertelur dan berkembang biak mereka.&lt;page&gt;Aku sangat berterima kasih padamu karena telah mengusir mereka! hidup toengg:))"
